<?xml version="1.0" encoding="UTF-8"?>
<beans xmlns="http://www.springframework.org/schema/beans"
	xmlns:xsi="http://www.w3.org/2001/XMLSchema-instance" 
	xmlns:context="http://www.springframework.org/schema/context"
	xmlns:tx="http://www.springframework.org/schema/tx"
	xmlns:security="http://www.springframework.org/schema/security"
	xsi:schemaLocation="http://www.springframework.org/schema/beans
	 http://www.springframework.org/schema/beans/spring-beans.xsd
        http://www.springframework.org/schema/context 
        http://www.springframework.org/schema/context/spring-context.xsd
        http://www.springframework.org/schema/tx 
        http://www.springframework.org/schema/tx/spring-tx-4.3.xsd 
        http://www.springframework.org/schema/security  
        http://www.springframework.org/schema/security/spring-security.xsd" >

	<security:http auto-config="true" >
		<security:intercept-url pattern="/web/admin/**"
			access="hasRole('ROLE_ADMIN')" />
		<security:intercept-url pattern="/web/user/**"
			access="hasRole('ROLE_USER')" />
			<security:intercept-url pattern="/web/Loginpage/"
			access="hasRole('ROLE_USER','ROLE_ADMIN')" />
			
		<!-- <security:intercept-url pattern="/furnitures/showitem/**" access="ROLE_USER,ROLE_ADMIN" 
			/> -->
		<security:form-login login-processing-url="/j_spring_security_check"
			login-page="/web/Login" default-target-url="/web/user/Login"
			username-parameter="userid" password-parameter="password"
			authentication-failure-url="/web/error"/>
				<security:form-login login-processing-url="/j_spring_security_check"
			login-page="/web/Login" default-target-url="/web/admin/login"
			username-parameter="userid" password-parameter="password"
			authentication-failure-url="/web/error"/>
			
		<security:access-denied-handler
			error-page="/403" />
		<security:session-management>
			<security:concurrency-control
				max-sessions="1" expired-url="/" />
		</security:session-management>
		<security:logout logout-success-url="/"  />
		<security:csrf disabled="true" />
	</security:http>

 <security:authentication-manager>
 <security:authentication-provider>
 <security:jdbc-user-service data-source-ref="dataSource"
 							 authorities-by-username-query="SELECT userid, role FROM Customer WHERE userid=?"
 							 users-by-username-query="SELECT userid, password, enabled FROM Customer WHERE userid=?"/>
 </security:authentication-provider>
 </security:authentication-manager>
 
 
         
</beans>